ScrapedName,PlayerID,Method,MatchedName
Agne Bergmark,2904.0,Exact,Agne Bergmark
Agris Pavars,14427.0,Fuzzy,Agris Pavārs
Ahlberg Magnus,240.0,Exact,Ahlberg Magnus
Ahti Lampi,9900.0,Exact,Ahti Lampi
Aigars Romals,15500.0,Exact,Aigars Romals
Alans Liepins,14693.0,Manual,Alans Liepins
Aleksandr Metelitsa,4200.0,Exact,Aleksandr Metelitsa
Aleksandr Tarakanov,1355.0,Exact,Aleksandr Tarakanov
Aleksandrs Zernovojs,13651.0,Fuzzy,Aleksandrs Žernovojs
Aleksi Eriksson,618.0,Exact,Aleksi Eriksson
Alekss Skudritis,9897.0,Fuzzy,Alekss Skudrītis
Alen Shekarev,3355.0,Exact,Alen Shekarev
Ales Krejza,13520.0,Fuzzy,Aleš Krejza
Alexander Galkin,9780.0,Exact,Alexander Galkin
Alexander Hallenstam,4115.0,Exact,Alexander Hallenstam
Alexander Liljemark,2945.0,Exact,Alexander Liljemark
Alexander Makushkin,348.0,Exact,Alexander Makushkin
Alexander Miloradov,237.0,Exact,Alexander Miloradov
Alexander Okunev,165.0,Exact,Alexander Okunev
Alexander Ozerov,148.0,Exact,Alexander Ozerov
Alexander Plotnikov,296.0,Exact,Alexander Plotnikov
Alexandr Kosyrev,196.0,Exact,Alexandr Kosyrev
Alexandr Miloradov,237.0,Fuzzy,Alexander Miloradov
Alexandr Shikerin,656.0,Exact,Alexandr Shikerin
Alexandr Tarakanov,1355.0,Fuzzy,Aleksandr Tarakanov
Alexandr Zaytsev,217.0,Exact,Alexandr Zaytsev
Alexandr Zhulyabin,659.0,Exact,Alexandr Zhulyabin
Alexey Chernov,164.0,Exact,Alexey Chernov
Alexey Krinov,1464.0,Exact,Alexey Krinov
Alexey Rymarenko,12147.0,Exact,Alexey Rymarenko
Alexey Shikerin,657.0,Exact,Alexey Shikerin
Alexey Titov,146.0,Exact,Alexey Titov
Alexey Zaharov,232.0,Exact,Alexey Zaharov
Alexey Zakharov,232.0,Fuzzy,Alexey Zaharov
Aleš Krejza,13520.0,Exact,Aleš Krejza
Alfons Hermansson,14467.0,Exact,Alfons Hermansson
Aliaksandr Bartosh,1566.0,Exact,Aliaksandr Bartosh
Aljaz Bozic,10533.0,Exact,Aljaz Bozic
Alvis SILIŅŠ,4344.0,Exact,Alvis SILIŅŠ
Alvis Silins,4344.0,Manual,Alvis Silins
Alvis Siliņš,4344.0,Exact,Alvis Siliņš
Amanda Siwertzon,4760.0,Exact,Amanda Siwertzon
Amir Hallenstam,4114.0,Exact,Amir Hallenstam
Amund Risa Fylling,2442.0,Exact,Amund Risa Fylling
Anastasia Garkovska,558.0,Exact,Anastasia Garkovska
Anatoliy Datsenko,922.0,Exact,Anatoliy Datsenko
Anders Ekestubbe,2891.0,Exact,Anders Ekestubbe
Anders Larsson,,Manual,Anders Larsson
Anders Olsén,2677.0,Exact,Anders Olsén
Anders Pettersson,4342.0,Exact,Anders Pettersson
Anders Skogseth-Braathen,3992.0,Exact,Anders Skogseth-Braathen
Andreas Andersson,3410.0,Exact,Andreas Andersson
Andreas Fjermestad,3222.0,Exact,Andreas Fjermestad
Andreas Koppe,5018.0,Exact,Andreas Koppe
Andreas Larsson,3306.0,Exact,Andreas Larsson
Andreas Roren,1226.0,Fuzzy,Andreas Røren
Andreas Røren,1226.0,Exact,Andreas Røren
Andrei Akinfin,3604.0,Exact,Andrei Akinfin
Andrei Kniaziuk,456.0,Exact,Andrei Kniaziuk
Andrej Oblak,10538.0,Exact,Andrej Oblak
Andrejs Kuznecovs,3532.0,Fuzzy,Andrejs Kuzņecovs
Andrey Polyakov,13206.0,Exact,Andrey Polyakov
Andrey Voskoboynikov,7.0,Exact,Andrey Voskoboynikov
Andris Liepins,907.0,Exact,Andris Liepins
Andzej Petrik,4756.0,Exact,Andzej Petrik
Ane Skadsem,12993.0,Exact,Ane Skadsem
Anette Engel,1252.0,Exact,Anette Engel
Anna Holmström,6504.0,Fuzzy,Anna Holmstrom
Anna Israelsson,13859.0,Manual,Anna Israelsson
Anna-Karin Svensson,2008.0,Exact,Anna-Karin Svensson
Anna-Maria Israelsson,13859.0,Exact,Anna-Maria Israelsson
Anna-Maria Wiberg,4130.0,Exact,Anna-Maria Wiberg
Anne Grethe Gangsøy,1318.0,Exact,Anne Grethe Gangsøy
Annika Gripp,5082.0,Exact,Annika Gripp
Annika Persson,4053.0,Exact,Annika Persson
Anssi Jarvinen,9824.0,Fuzzy,Anssi Järvinen
Anssi Järvinen,9824.0,Exact,Anssi Järvinen
Anton Freyr Jakobsson,2622.0,Exact,Anton Freyr Jakobsson
Anton Hed,2223.0,Exact,Anton Hed
Anton Jakobsson,2622.0,Manual,Anton Jakobsson
Anton Jalneskog,5722.0,Exact,Anton Jalneskog
Anton Kiselyov,174.0,Exact,Anton Kiselyov
Anton Lampi,453.0,Exact,Anton Lampi
Anton Runenkov,1366.0,Exact,Anton Runenkov
Anton Umanskyy,1483.0,Exact,Anton Umanskyy
Antti Suojanen,5434.0,Exact,Antti Suojanen
Anže Božič,10492.0,Exact,Anže Božič
Arne Johannes Holmin,1243.0,Exact,Arne Johannes Holmin
Arnis Vitols,1295.0,Fuzzy,Arnis Vītols
Arseniy Stolyarov,1471.0,Exact,Arseniy Stolyarov
Artem Matantsev,1406.0,Exact,Artem Matantsev
Artem Tseluiko,12055.0,Exact,Artem Tseluiko
Artjoms Zaharovs,896.0,Exact,Artjoms Zaharovs
Arturs Zasurcevs,12546.0,Fuzzy,Artūrs Zasurcevs
Asnate Kocere,14423.0,Exact,Asnate Kocere
Atis Silis,904.0,Fuzzy,Atis Sīlis
Audrius Pleikys,1274.0,Exact,Audrius Pleikys
August Wegestål,2419.0,Exact,August Wegestål
Axel Lundstrom,6505.0,Fuzzy,Axel Lundström
Axel Lundström,6505.0,Exact,Axel Lundström
Axel Lönnqvist,6509.0,Exact,Axel Lönnqvist
Barna Stefan,1271.0,Exact,Barna Stefan
Benjamin Andersson,2621.0,Exact,Benjamin Andersson
Benjamin Nygård,12345.0,Exact,Benjamin Nygård
Benjamin Suominen,14545.0,Exact,Benjamin Suominen
Bernard Rjavec,1234.0,Exact,Bernard Rjavec
Bernard Skrlep,8348.0,Exact,Bernard Skrlep
Bie Karlsson,13855.0,Exact,Bie Karlsson
Bine Gajsek,12791.0,Exact,Bine Gajsek
Bjarne Axelsen,1214.0,Exact,Bjarne Axelsen
Björn Ingevaldsson,2898.0,Exact,Björn Ingevaldsson
Björn Svedman,10155.0,Fuzzy,Bjorn Svedman
Björn Söderström,5070.0,Exact,Björn Söderström
Blasko Imrich,1233.0,Exact,Blasko Imrich
Branislav Sabo,12724.0,Exact,Branislav Sabo
Carl Bindekrans,906.0,Exact,Carl Bindekrans
Caroline Eriksson,1315.0,Exact,Caroline Eriksson
Christer Persson,5864.0,Exact,Christer Persson
Christian Aden,1261.0,Exact,Christian Aden
Christian Bengtsson,5348.0,Exact,Christian Bengtsson
Christian Christoffersson,2216.0,Exact,Christian Christoffersson
Christian Wall,,Manual,Christian Wall
Christophe Hellman,2667.0,Exact,Christophe Hellman
Csaba Kocsis,2135.0,Exact,Csaba Kocsis
Dag Roar Nilsen,13442.0,Exact,Dag Roar Nilsen
Dan Andersson,,Manual,Dan Andersson
Dan Johansson,,Manual,Dan Johansson
Daniel Biloglav,3977.0,Exact,Daniel Biloglav
Daniel Daun,,Manual,Daniel Daun
Daniel Gullberg,2449.0,Exact,Daniel Gullberg
Daniel Matysek,1237.0,Exact,Daniel Matysek
Daniel Matýsek,1237.0,Fuzzy,Daniel Matysek
Daniel Nilsson Pålsson,2917.0,Exact,Daniel Nilsson Pålsson
Daniel Nygard,7510.0,Fuzzy,Daniel Nygård
Daniel Nygård,7510.0,Exact,Daniel Nygård
Daniel Nyman,2217.0,Exact,Daniel Nyman
Daniel Petersson,2591.0,Exact,Daniel Petersson
Daniel Remmem,1216.0,Exact,Daniel Remmem
Daniel Setterwall,2946.0,Exact,Daniel Setterwall
Daniel Sippo,6406.0,Exact,Daniel Sippo
Daniel Wallén,,Manual,Daniel Wallén
Daniil Landa,3266.0,Exact,Daniil Landa
Daniil Moshnin,4197.0,Exact,Daniil Moshnin
Daniil Mushnikov,9108.0,Exact,Daniil Mushnikov
Danilo Baumanis,13410.0,Exact,Danilo Baumanis
Darja Hrustaljova,10915.0,Exact,Darja Hrustaljova
Darko Mrdalj,2277.0,Exact,Darko Mrdalj
Darta Vesele,13324.0,Fuzzy,Dārta Vesele
David Andersson,2108.0,Exact,David Andersson
David Axelsson,8080.0,Exact,David Axelsson
David Dvoracek,3991.0,Exact,David Dvoracek
David Freséus,1221.0,Fuzzy,David Freseus
David Hasler,1276.0,Exact,David Hasler
David Nilsson,2666.0,Exact,David Nilsson
David Nordström,2922.0,Exact,David Nordström
David Smid,2584.0,Exact,David Smid
David Šmíd,2584.0,Manual,David Šmíd
Davis Apfelbaums,14709.0,Fuzzy,Dāvis Apfelbaums
Denis Andrijashkin,4198.0,Fuzzy,Deniss Andrijashkin
Denis Matveev,1475.0,Exact,Denis Matveev
Deniss Andrijashkin,4198.0,Exact,Deniss Andrijashkin
Dmitri Krylenkov,8207.0,Exact,Dmitri Krylenkov
Dmitri Leleka,3265.0,Exact,Dmitri Leleka
Dmitri Stykailo,6405.0,Exact,Dmitri Stykailo
Dmitriy Belavin,168.0,Fuzzy,Dmitry Belavin
Dmitriy Koshman,225.0,Exact,Dmitriy Koshman
Dmitriy Petrov,218.0,Exact,Dmitriy Petrov
Dmitriy Sapozhnikov,3758.0,Exact,Dmitriy Sapozhnikov
Dmitry Malygin,388.0,Exact,Dmitry Malygin
Dmitry Soloviev,216.0,Exact,Dmitry Soloviev
Dmytro Donets,480.0,Exact,Dmytro Donets
Dmytro Kudrytsky,1933.0,Exact,Dmytro Kudrytsky
Domen Zupančič,13220.0,Exact,Domen Zupančič
Dominik Prager,12721.0,Exact,Dominik Prager
Eddie Nilsson,4329.0,Exact,Eddie Nilsson
Edgars CAICS,391.0,Exact,Edgars CAICS
Edgars Caics,391.0,Exact,Edgars Caics
Edgars Liepins,15529.0,Exact,Edgars Liepins
Edgars Mucenieks,897.0,Exact,Edgars Mucenieks
Edgars NAGLIS,9875.0,Exact,Edgars NAGLIS
Edgars Naglis,9875.0,Exact,Edgars Naglis
Edgars Saulitis,911.0,Fuzzy,Edgars Saulītis
Edgars Vitols,2015.0,Fuzzy,Edgars Vītols
Eduards Pakis,192.0,Fuzzy,Eduards Paķis
Edward Refshus Hagerup,4206.0,Exact,Edward Refshus Hagerup
Edzus Kaneps,14712.0,Manual,Edzus Kaneps
Edžus KAŅEPS,14712.0,Exact,Edžus KAŅEPS
Edžus Kaņeps,14712.0,Exact,Edžus Kaņeps
Eike Rompa,1613.0,Exact,Eike Rompa
Einars Guze,13404.0,Manual,Einars Guze
Elians Edelis,4219.0,Manual,Elians Edelis
Elin Hellman,2668.0,Exact,Elin Hellman
Ellinor Gustafsson,4072.0,Exact,Ellinor Gustafsson
Elvijs SILIŅŠ,5706.0,Exact,Elvijs SILIŅŠ
Elvijs Silins,5706.0,Manual,Elvijs Silins
Elvijs Siliņš,5706.0,Exact,Elvijs Siliņš
Elvira Kohlsgården,7345.0,Exact,Elvira Kohlsgården
Emanuel Nilsson,2665.0,Exact,Emanuel Nilsson
Emil Larsson,2185.0,Exact,Emil Larsson
Emil Uimonen,8600.0,Exact,Emil Uimonen
Emils Liepins,12541.0,Manual,Emils Liepins
Emma Andersson,4186.0,Exact,Emma Andersson
Emīls LIEPIŅŠ,12541.0,Exact,Emīls LIEPIŅŠ
Emīls Liepiņš,12541.0,Exact,Emīls Liepiņš
Eric Norén,2189.0,Exact,Eric Norén
Erik Andersson,,Manual,Erik Andersson
Erik Bernhauser,10568.0,Exact,Erik Bernhauser
Erik Janson,,Manual,Erik Janson
Erik Johansson,3541.0,Exact,Erik Johansson
Erik Jonsson,3533.0,Exact,Erik Jonsson
Erik Lundström,,Manual,Erik Lundström
Erik Werner,4066.0,Exact,Erik Werner
Eriks Kuharjonoks,3640.0,Fuzzy,Ēriks Kuharjonoks
Eskil Persson,3539.0,Exact,Eskil Persson
Eskil Sandland,4308.0,Exact,Eskil Sandland
Espen Eidsnes,4129.0,Exact,Espen Eidsnes
Espen Moe,2425.0,Exact,Espen Moe
Eva Ozerova,2861.0,Exact,Eva Ozerova
Evgenii Solovev,3362.0,Fuzzy,Evgenii Soloviev
Evgeniy Goloviznin,628.0,Exact,Evgeniy Goloviznin
Evgeniy Matantsev,1559.0,Exact,Evgeniy Matantsev
Ewoud van Veen,1263.0,Exact,Ewoud van Veen
Fadi Issa,5167.0,Exact,Fadi Issa
Felix Waldmann,12770.0,Exact,Felix Waldmann
Felix Wirström,6544.0,Exact,Felix Wirström
Filip Hamacek,1220.0,Exact,Filip Hamacek
Filip Wirström,3810.0,Exact,Filip Wirström
Filips Buhtujevs,2013.0,Exact,Filips Buhtujevs
Finn Fries,2414.0,Exact,Finn Fries
Francis Refshus Hagerup,4205.0,Exact,Francis Refshus Hagerup
Frank Bruneske,1253.0,Exact,Frank Bruneske
Frank Rasche,14531.0,Exact,Frank Rasche
Fredric Axelsson,4637.0,Exact,Fredric Axelsson
Fredrik Dahl,2207.0,Exact,Fredrik Dahl
Fredrik Hansson,2405.0,Exact,Fredrik Hansson
Fredrik Hermansson,,Manual,Fredrik Hermansson
Fredrik Hjalmarsson,5077.0,Fuzzy,Fredric Hjalmarsson
Fredrik Johansson,,Manual,Fredrik Johansson
Fredrik Jonsson,,Manual,Fredrik Jonsson
Fredrik Larsson,,Manual,Fredrik Larsson
Fredrik Timeus,4287.0,Exact,Fredrik Timeus
Frode Hagerup,1300.0,Exact,Frode Hagerup
Gabor Alexovic,12722.0,Exact,Gabor Alexovic
Gal Bohinc,10493.0,Exact,Gal Bohinc
Geir Hjemas,1527.0,Fuzzy,Geir Hjemås
Geir Hjemås,1527.0,Exact,Geir Hjemås
Geir Tonny Brovold,2624.0,Exact,Geir Tonny Brovold
Georgs Jansons,15542.0,Exact,Georgs Jansons
Gergely Regula,5438.0,Exact,Gergely Regula
German Fokin,1023.0,Exact,German Fokin
Gerrit Janssen,1256.0,Exact,Gerrit Janssen
Gintautas Remeika,9271.0,Exact,Gintautas Remeika
Gints LASMANIS,1210.0,Exact,Gints LASMANIS
Gints Lasmanis,1210.0,Exact,Gints Lasmanis
Glenn Dahlberg,6000.0,Exact,Glenn Dahlberg
Glib Storozhenko,12086.0,Exact,Glib Storozhenko
Goran Johansson,,Manual,Goran Johansson
Grigori Timoschuk,9879.0,Exact,Grigori Timoschuk
Grigoriy Dubinin,664.0,Exact,Grigoriy Dubinin
Gundega Pake,193.0,Fuzzy,Gundega Paķe
Gunnar Gripp,5084.0,Exact,Gunnar Gripp
Guntis Ernsteins,2989.0,Fuzzy,Guntis Ernšteins
Gustaf Fagerberg,2620.0,Exact,Gustaf Fagerberg
Gustaf Hermansson,12368.0,Exact,Gustaf Hermansson
Gustaf Öqvist,2452.0,Exact,Gustaf Öqvist
Gustav Bradland,2844.0,Fuzzy,Gustav Brådland
Gustav Brådland,2844.0,Exact,Gustav Brådland
Gustav Nilsson,13852.0,Exact,Gustav Nilsson
Gustavs Keisters,9896.0,Exact,Gustavs Keisters
Göran Agdur,1523.0,Fuzzy,Goran Agdur
Göran Lönnqvist,13856.0,Exact,Göran Lönnqvist
Göran Skog,8021.0,Exact,Göran Skog
Hanna Ivantsova,4049.0,Exact,Hanna Ivantsova
Hannes Lechner,9844.0,Exact,Hannes Lechner
Hans Christian Lønne,1434.0,Exact,Hans Christian Lønne
Hans E Lindqwist,2931.0,Fuzzy,Hans E. Lindqwist
Hans E. Lindqwist,2931.0,Exact,Hans E. Lindqwist
Hans Lindqwist,2931.0,Fuzzy,Hans E. Lindqwist
Hans Nordin,2899.0,Exact,Hans Nordin
Hans Norén,,Manual,Hans Norén
Hans Österman,2042.0,Fuzzy,Hans Osterman
Hans-Oyvind Sagen,2283.0,Fuzzy,Hans-Øyvind Sagen
Hans-Øyvind Sagen,2283.0,Exact,Hans-Øyvind Sagen
Haralds Janvars,8579.0,Exact,Haralds Janvars
Henric Andersson,2923.0,Exact,Henric Andersson
Henrijs Prokuratovs,8153.0,Exact,Henrijs Prokuratovs
Henrik Claesson,,Manual,Henrik Claesson
Henrik Kransholm,3944.0,Exact,Henrik Kransholm
Henrik Lundberg,,Manual,Henrik Lundberg
Henrik Nilsson,4077.0,Exact,Henrik Nilsson
Henrik Tagesson,4679.0,Exact,Henrik Tagesson
Henrik Widing,6506.0,Exact,Henrik Widing
Herman Lindgren,13857.0,Exact,Herman Lindgren
Herman Steen,4446.0,Exact,Herman Steen
Hermann Petuch,3066.0,Exact,Hermann Petuch
Hjalmar Nilsson,2592.0,Exact,Hjalmar Nilsson
Honza Sladek,2009.0,Manual,Honza Sladek
Hudec Karol,4137.0,Exact,Hudec Karol
Hugo Lönnqvist,9211.0,Fuzzy,Hugo Lonnqvist
Hugo Pettersson,6578.0,Exact,Hugo Pettersson
Hynek Nechutny,3913.0,Exact,Hynek Nechutny
Ida Pedersen,5059.0,Exact,Ida Pedersen
Igor Malahov,665.0,Fuzzy,Igor Malachov
Igor Masloboev,155.0,Exact,Igor Masloboev
Igor Miloradov,1370.0,Exact,Igor Miloradov
Igor Saveljev,184.0,Exact,Igor Saveljev
Igor Zamiatin,4747.0,Exact,Igor Zamiatin
Igor Zaporojets,470.0,Exact,Igor Zaporojets
Ilgvars Pavlovskis,13604.0,Exact,Ilgvars Pavlovskis
Ilya Golubev,4157.0,Exact,Ilya Golubev
Ilze Kirse,12037.0,Fuzzy,Ilze Ķirse
Imrich Blasko,15494.0,Fuzzy,Imrich Blaško
Ingebret Risa,1248.0,Exact,Ingebret Risa
Intars Garancs,3669.0,Fuzzy,Intars Garančs
Ints Jurka,11282.0,Exact,Ints Jurka
Ismo Aulaskari,13664.0,Exact,Ismo Aulaskari
Ivan Schekotov,2460.0,Fuzzy,Ivan Shchekotov
Ivan Zaharov,235.0,Exact,Ivan Zaharov
Ivan Zakharov,235.0,Fuzzy,Ivan Zaharov
Ivars Kirsis,12039.0,Fuzzy,Ivars Ķirsis
Jaakko Koski,9825.0,Exact,Jaakko Koski
Jaka Skrlep,10532.0,Exact,Jaka Skrlep
Jakob Andersson,,Manual,Jakob Andersson
Jakob Jonsson,6737.0,Exact,Jakob Jonsson
Jakob Renvaktar,2259.0,Exact,Jakob Renvaktar
Jakob Zalokar Obadic,10531.0,Exact,Jakob Zalokar Obadic
Jakob Zalokar Obadič,10531.0,Fuzzy,Jakob Zalokar Obadic
Jakub Matysek,4193.0,Exact,Jakub Matysek
Jakub Sladek,889.0,Exact,Jakub Sladek
Jakub Sládek,889.0,Fuzzy,Jakub Sladek
Jali Salo,5652.0,Exact,Jali Salo
James-John Forsberg,13853.0,Exact,James-John Forsberg
Jan Andersson,5567.0,Exact,Jan Andersson
Jan Dryak,2583.0,Exact,Jan Dryak
Jan Pelkonen,1550.0,Exact,Jan Pelkonen
Jan Sladek,2009.0,Exact,Jan Sladek
Jan Sládek,2009.0,Fuzzy,Jan Sladek
Jani Herlevi,401.0,Exact,Jani Herlevi
Janis Kalnevics,2988.0,Fuzzy,Jānis Kalnevics
Janis Karlovskis,3642.0,Fuzzy,Jānis Karlovskis
Janis Mikelis Bitmanis,10336.0,Fuzzy,Jānis Miķelis Bitmanis
Janis Zalite,12530.0,Manual,Janis Zalite
Janis zalite,12530.0,Manual,Janis zalite
Janne Kantola,4179.0,Exact,Janne Kantola
Janne Ollila,1208.0,Exact,Janne Ollila
Jari Sahlgren,5353.0,Exact,Jari Sahlgren
Jarle Eide,2282.0,Exact,Jarle Eide
Jekabs Rekis,10720.0,Manual,Jekabs Rekis
Jerry Wikström,1322.0,Exact,Jerry Wikström
Jevgeni Lvov,622.0,Exact,Jevgeni Lvov
Jevgenijs Zaharovs,894.0,Fuzzy,Jevgēnijs Zaharovs
Jevgeny Tsupko,4146.0,Exact,Jevgeny Tsupko
Jevgēnijs Zaharovs,894.0,Exact,Jevgēnijs Zaharovs
Jimi Månsson,2930.0,Exact,Jimi Månsson
Jimmie Gellersten,2616.0,Fuzzy,Jimmy Gellersten
Jimmy Douz,4485.0,Exact,Jimmy Douz
Jimmy Eklund,2678.0,Exact,Jimmy Eklund
Jimmy Gellersten,2616.0,Exact,Jimmy Gellersten
Jimmy Mårdell,1211.0,Fuzzy,Jimmy Mardell
Jiri Chylik,2010.0,Manual,Jiri Chylik
Jiri Chylik ml.,2010.0,Exact,Jiri Chylik ml.
Jiri Vacha,11912.0,Exact,Jiri Vacha
Jiří Chylík,2010.0,Manual,Jiří Chylík
Joachim Thyzell,15559.0,Exact,Joachim Thyzell
Joakim Gåfvels,2934.0,Exact,Joakim Gåfvels
Joakim Jakobsson,14927.0,Exact,Joakim Jakobsson
Joakim Lundin,1299.0,Exact,Joakim Lundin
Joakim Åström,12492.0,Exact,Joakim Åström
Joan Eriksson Mencl,2367.0,Exact,Joan Eriksson Mencl
Joel Hall,2377.0,Exact,Joel Hall
Johan Eriksson,2159.0,Exact,Johan Eriksson
Johan Estmo,5324.0,Exact,Johan Estmo
Johan Fischer,2451.0,Exact,Johan Fischer
Johan Johansson,5208.0,Exact,Johan Johansson
Johan Yrlid,5540.0,Exact,Johan Yrlid
Johannes Brunner,5228.0,Exact,Johannes Brunner
John Backlund,2352.0,Exact,John Backlund
Jonas Bergström,2924.0,Exact,Jonas Bergström
Jonas Hagborg,4649.0,Exact,Jonas Hagborg
Jonas Karlsson,,Manual,Jonas Karlsson
Jonas Karrberg,2913.0,Exact,Jonas Karrberg
Jonas Mårdell,4065.0,Exact,Jonas Mårdell
Jonas Nordin,2206.0,Exact,Jonas Nordin
Jonas Pleikys,14567.0,Exact,Jonas Pleikys
Jonas Willman,2211.0,Exact,Jonas Willman
Jorens Leskovics,980.0,Fuzzy,Jorens Leskovičs
Jorn Moldvaer,1223.0,Manual,Jorn Moldvaer
Jorn Moldvar,1223.0,Manual,Jorn Moldvar
Jorn Skjeveland,4494.0,Manual,Jorn Skjeveland
Jouko Pelkonen,1551.0,Exact,Jouko Pelkonen
Jouni Tikkanen,3007.0,Exact,Jouni Tikkanen
Juha-Matti Santala,2454.0,Exact,Juha-Matti Santala
Juho Itkonen,9856.0,Exact,Juho Itkonen
Juho Rautio,1212.0,Exact,Juho Rautio
Julia Forsberg,15724.0,Exact,Julia Forsberg
Julian Elvén,2643.0,Exact,Julian Elvén
Jurgis Tihomirovs,10856.0,Fuzzy,Jurģis Tihomirovs
Jurgita Vasileviciene,2006.0,Exact,Jurgita Vasileviciene
Juri Artamonov,4754.0,Exact,Juri Artamonov
Jørn Moldvær,1223.0,Exact,Jørn Moldvær
Jēkabs REĶIS,10720.0,Exact,Jēkabs REĶIS
Kai Armonies,1818.0,Exact,Kai Armonies
Kalle Bindekrans,906.0,Manual,Kalle Bindekrans
Karl Jönsson,2310.0,Exact,Karl Jönsson
Karlis Balodis,912.0,Fuzzy,Kārlis Balodis
Karyna Pirumshoieva,11648.0,Fuzzy,Karina Pirumshoeva
Kaspars Vilums,12517.0,Fuzzy,Kaspars Viļums
Katrina Lihacova,9739.0,Manual,Katrina Lihacova
Kenneth Nielsen,9240.0,Exact,Kenneth Nielsen
Kenneth Nilsson,,Manual,Kenneth Nilsson
Kenny Kunto,5455.0,Exact,Kenny Kunto
Kent Nielsen,6576.0,Exact,Kent Nielsen
Kent Nyman,4656.0,Exact,Kent Nyman
Kenth Ericsson,2693.0,Exact,Kenth Ericsson
Kevin Eriksson,1505.0,Exact,Kevin Eriksson
Kevin Rafferty,4793.0,Exact,Kevin Rafferty
Kevin Wall,2218.0,Exact,Kevin Wall
Kevin Wallin,,Manual,Kevin Wallin
Kim Eriksson,409.0,Fuzzy,Kimmo Eriksson
Kimmo Eriksson,409.0,Exact,Kimmo Eriksson
Kirill Storchak,46.0,Exact,Kirill Storchak
Kjetil Sagen,2284.0,Exact,Kjetil Sagen
Klara Jonsson,3534.0,Exact,Klara Jonsson
Klavdij Starman,10535.0,Exact,Klavdij Starman
Krisjanis Zemnickis,13403.0,Manual,Krisjanis Zemnickis
Krista Annija Lagzdina,15548.0,Manual,Krista Annija Lagzdina
Krista Lagzdiņa,15548.0,Fuzzy,Krista Lagzdina
Kristaps NAGLIS,9863.0,Exact,Kristaps NAGLIS
Kristaps Naglis,9863.0,Exact,Kristaps Naglis
Kristaps Riekstiņš,4652.0,Exact,Kristaps Riekstiņš
Kristaps Zarinieks,979.0,Exact,Kristaps Zarinieks
Kristian Bengtsson,2219.0,Exact,Kristian Bengtsson
Kristian Iso-Tryykari,9217.0,Fuzzy,Kristian Iso-Tryykäri
Kristian Iso-Tryykäri,9217.0,Exact,Kristian Iso-Tryykäri
Kristin Fjermestad,4210.0,Exact,Kristin Fjermestad
Kristoffer Koren Sørvang,13447.0,Manual,Kristoffer Koren Sørvang
Krystof Herold,2022.0,Exact,Krystof Herold
Krystof Lebl,1224.0,Exact,Krystof Lebl
Kryštof Herold,2022.0,Fuzzy,Krystof Herold
Kryštof Lebl,1224.0,Fuzzy,Krystof Lebl
Ladislav Tmej,887.0,Exact,Ladislav Tmej
Ladislav Tměj,887.0,Fuzzy,Ladislav Tmej
Laima Kamzola,5635.0,Exact,Laima Kamzola
Lari Metsala,8521.0,Exact,Lari Metsala
Lari Metsälä,8521.0,Manual,Lari Metsälä
Lars Fridell,2202.0,Exact,Lars Fridell
Lars Henriksson,1207.0,Exact,Lars Henriksson
Lars Johansson,,Manual,Lars Johansson
Lars Karmborg,2916.0,Exact,Lars Karmborg
Lars Pålsson,2912.0,Exact,Lars Pålsson
Lars Söderkvist,4092.0,Exact,Lars Söderkvist
Lars Ulfvensjö,13854.0,Exact,Lars Ulfvensjö
Lars-Erik Svensson,1297.0,Exact,Lars-Erik Svensson
Lasse Lindgren,7618.0,Exact,Lasse Lindgren
Laszlo Altmann,5321.0,Exact,Laszlo Altmann
Laszlo Kiss,5322.0,Exact,Laszlo Kiss
Lauri Törnström,2582.0,Exact,Lauri Törnström
Laurynas Orlauskas,2018.0,Exact,Laurynas Orlauskas
Lenart Traven,10546.0,Exact,Lenart Traven
Leon Haussknecht,1267.0,Exact,Leon Haussknecht
Leonards Mazurs,9159.0,Fuzzy,Leonards Mazūrs
Leonards Mazūrs,9159.0,Exact,Leonards Mazūrs
Leos Hvizd ml.,4835.0,Manual,Leos Hvizd ml.
Linas Vasilevicius,1285.0,Exact,Linas Vasilevicius
Linus Nilsson,2020.0,Exact,Linus Nilsson
Linus Persson,,Manual,Linus Persson
Linus Restel,1305.0,Exact,Linus Restel
Liv Österman,2681.0,Fuzzy,Liv Osterman
Lotta Holmberg,5055.0,Exact,Lotta Holmberg
Lukas Andersson,6521.0,Exact,Lukas Andersson
Lukas Gustafsson,2655.0,Exact,Lukas Gustafsson
Lukas Kahoun,2966.0,Exact,Lukas Kahoun
Lukass Jurka,9944.0,Fuzzy,Lūkass Jurka
Magnus Borg,2222.0,Exact,Magnus Borg
Magnus Falk,5572.0,Exact,Magnus Falk
Magnus Klippen,1647.0,Exact,Magnus Klippen
Magnus Lind,2205.0,Exact,Magnus Lind
Magnus Nilsson,,Manual,Magnus Nilsson
Magnus Olander,2256.0,Exact,Magnus Olander
Magnus Westin,,Manual,Magnus Westin
Magor Papp,1246.0,Exact,Magor Papp
Magyari Viktor,1289.0,Exact,Magyari Viktor
Marcel Jenni,9010.0,Exact,Marcel Jenni
Marcis Radelis,13665.0,Fuzzy,Mārcis Radelis
Marcus Andersson,2032.0,Exact,Marcus Andersson
Marcus Johansson,,Manual,Marcus Johansson
Marcus Koppe,4800.0,Exact,Marcus Koppe
Marcus Lagerkvist,5060.0,Exact,Marcus Lagerkvist
Marcus Persson,2210.0,Exact,Marcus Persson
Marcus Stenbom,12840.0,Fuzzy,Markus Stenbom
Margarita Abele,8424.0,Fuzzy,Margarita Ābele
Maria Elena Pettersson,2007.0,Exact,Maria Elena Pettersson
Maria Saveljeva,208.0,Exact,Maria Saveljeva
Marius Smaberg,2627.0,Fuzzy,Marius Småberg
Mariya Miloradova,228.0,Fuzzy,Maria Miloradova
Mark Alexovic,12723.0,Exact,Mark Alexovic
Mark Kritski,4196.0,Exact,Mark Kritski
Mark-Julius Pikat,3354.0,Exact,Mark-Julius Pikat
Marko Säkkinen,2455.0,Exact,Marko Säkkinen
Marks Kristians Krauze,11127.0,Exact,Marks Kristians Krauze
Markus Bengtsson,4071.0,Exact,Markus Bengtsson
Markus Nilsson,2033.0,Exact,Markus Nilsson
Martin Arenlind,1231.0,Exact,Martin Arenlind
Martin Lundén,2075.0,Fuzzy,Martin Lunden
Martin Madera,1238.0,Exact,Martin Madera
Martin Maděra,1238.0,Fuzzy,Martin Madera
Martin Martinec,9668.0,Exact,Martin Martinec
Martin Zenisek,1241.0,Exact,Martin Zenisek
Mathias Blomquist,4133.0,Exact,Mathias Blomquist
Matiss Jakseboga,9160.0,Fuzzy,Matīss Jakseboga
Mats Blomqvist,4133.0,Manual,Mats Blomqvist
Mats Johansson,2410.0,Exact,Mats Johansson
Mats Persson,,Manual,Mats Persson
Mats Qvist,9243.0,Manual,Mats Qvist
Matsvei Shyrkavets,3597.0,Fuzzy,Matvei Shyrkavets
Matti Månsson,2929.0,Exact,Matti Månsson
Mattias Engberg,2224.0,Exact,Mattias Engberg
Mattias Holmner,4068.0,Exact,Mattias Holmner
Mattias Johansson,15446.0,Fuzzy,Mathias Johansson
Mattias Kralmark,2457.0,Exact,Mattias Kralmark
Mattias Pettersson,,Manual,Mattias Pettersson
Matus Bolemant,12717.0,Exact,Matus Bolemant
Matīss JAKSEBOGA,9160.0,Exact,Matīss JAKSEBOGA
Matīss Jakseboga,9160.0,Exact,Matīss Jakseboga
Maxim Borisov,142.0,Exact,Maxim Borisov
Maxim Starkov,1478.0,Exact,Maxim Starkov
Mazvydas Satkus,2031.0,Exact,Mazvydas Satkus
Micael Borgh,3211.0,Exact,Micael Borgh
Micael Myrén,5017.0,Fuzzy,Micael Myren
Micael Sundqvist,7164.0,Exact,Micael Sundqvist
Michael Toft Nielsen,5487.0,Exact,Michael Toft Nielsen
Michal Hvizd,888.0,Exact,Michal Hvizd
Michal Hvižd,888.0,Fuzzy,Michal Hvizd
Michal Kobrle,2631.0,Exact,Michal Kobrle
Michal Masek,5323.0,Exact,Michal Masek
Michal Tous,15416.0,Exact,Michal Tous
Miha Skrlep,9248.0,Exact,Miha Skrlep
Mihail Margolis,231.0,Exact,Mihail Margolis
Mihail Mihin,3020.0,Fuzzy,Mikhail Mikhin
Mikael Briland,2215.0,Exact,Mikael Briland
Mikael Ceder Eriksson,2213.0,Exact,Mikael Ceder Eriksson
Mikael Hansson,3530.0,Exact,Mikael Hansson
Mikael Johansson,,Manual,Mikael Johansson
Mikael Lindberg,,Manual,Mikael Lindberg
Mikael Wiberg,3808.0,Exact,Mikael Wiberg
Mikhail Krinov,2139.0,Exact,Mikhail Krinov
Mikhail Margolis,231.0,Fuzzy,Mihail Margolis
Mikhail Mikhin,3020.0,Exact,Mikhail Mikhin
Mikhail Shashkov,459.0,Exact,Mikhail Shashkov
Mikhail Spivakovsky,,Manual,Mikhail Spivakovsky
Mikko Haveri,2035.0,Exact,Mikko Haveri
Mikko Haverinen,,Manual,Mikko Haverinen
Mikko Kaariainen,425.0,Exact,Mikko Kaariainen
Mikus Saulitis,616.0,Exact,Mikus Saulitis
Mikus Saulītis,616.0,Fuzzy,Mikus Saulitis
Milos Sevr,885.0,Exact,Milos Sevr
Miloš Ševr,885.0,Manual,Miloš Ševr
Miroslav Cernoch,1235.0,Exact,Miroslav Cernoch
Miroslav Ramsak,15262.0,Fuzzy,Miroslav Ramšak
Mitro Daniel,1239.0,Exact,Mitro Daniel
Mitro Milan,1273.0,Exact,Mitro Milan
Mojca Skrlep,11976.0,Exact,Mojca Skrlep
Morgan Lagerkvist,4121.0,Exact,Morgan Lagerkvist
Morten Aarflot,7573.0,Exact,Morten Aarflot
Morten Johannessen,1436.0,Exact,Morten Johannessen
Mykhailo Razkevych,14560.0,Exact,Mykhailo Razkevych
Mykhaylo Shalomayev,467.0,Exact,Mykhaylo Shalomayev
Mykhaylo Spivakovskyy,434.0,Exact,Mykhaylo Spivakovskyy
Mykola Verbytskyy,11390.0,Exact,Mykola Verbytskyy
Mārcis Radelis,13665.0,Exact,Mārcis Radelis
Nejc Skrlep,1251.0,Fuzzy,Nejc Škrlep
Nejc Škrlep,1251.0,Exact,Nejc Škrlep
Netta Jousi,908.0,Exact,Netta Jousi
Nicklas Nilsson,4636.0,Exact,Nicklas Nilsson
Nico Jenni,9016.0,Exact,Nico Jenni
Nikita Zholobov,1673.0,Exact,Nikita Zholobov
Niklas Blomberg,3972.0,Exact,Niklas Blomberg
Niklas Bärve,2940.0,Exact,Niklas Bärve
Niklavs Peteris Sviklis,10969.0,Fuzzy,Niklāvs Pēteris Sviklis
Niko Tuominen,4992.0,Exact,Niko Tuominen
Nikolay Krokhmal,1440.0,Manual,Nikolay Krokhmal
Niks Lacis,5129.0,Fuzzy,Niks Lācis
Nils Jönsson,2927.0,Exact,Nils Jönsson
Oleg Bondarenko,1411.0,Exact,Oleg Bondarenko
Oleg Dmitrichenko,145.0,Exact,Oleg Dmitrichenko
Oleg Ortinov,144.0,Exact,Oleg Ortinov
Oleg Sokolov,8738.0,Exact,Oleg Sokolov
Oleksandr Danylenko,1688.0,Exact,Oleksandr Danylenko
Oleksandr Pylypenko,11436.0,Exact,Oleksandr Pylypenko
Oleksii Gusak,1021.0,Fuzzy,Oleksii Husak
Oleksii Korabel,479.0,Exact,Oleksii Korabel
Oliver Westlund Myrén,3914.0,Exact,Oliver Westlund Myrén
Olle Eriksson,3213.0,Exact,Olle Eriksson
Olle Jacobsson,6543.0,Exact,Olle Jacobsson
Olli Majaniemi,5942.0,Exact,Olli Majaniemi
Olof Blume,5836.0,Exact,Olof Blume
Ondrej Gruncl,15736.0,Exact,Ondrej Gruncl
Oscar Henriksson,1303.0,Exact,Oscar Henriksson
Oskar Ekeberg,4333.0,Exact,Oskar Ekeberg
Oskar Lampinen,2680.0,Exact,Oskar Lampinen
Ossian Eklund,3531.0,Exact,Ossian Eklund
Otto Pesala,15459.0,Exact,Otto Pesala
Otto Pesälä,15459.0,Manual,Otto Pesälä
Oystein Klippen,2843.0,Fuzzy,Øystein Klippen
Oystein Nesse,4113.0,Fuzzy,Øystein Nesse
Oyvind Aasheim,2041.0,Exact,Oyvind Aasheim
Oyvind Hansen,1413.0,Fuzzy,Øyvind Hansen
Oyvind Ronne,3347.0,Manual,Oyvind Ronne
Pal Bakken,1557.0,Exact,Pal Bakken
Pasi Haikonen,13674.0,Exact,Pasi Haikonen
Patrik Hellström,2809.0,Exact,Patrik Hellström
Patrik Karlsson,,Manual,Patrik Karlsson
Patrik Kocsis,12718.0,Exact,Patrik Kocsis
Patrik Larsson,6503.0,Exact,Patrik Larsson
Patrik Petr,1209.0,Exact,Patrik Petr
Patrik Räfling,2577.0,Exact,Patrik Räfling
Pavel Gorodnitskiy,210.0,Exact,Pavel Gorodnitskiy
Pavel Plesak,1994.0,Exact,Pavel Plesak
Pavel Pylypenko,189.0,Fuzzy,Pavlo Pylypenko
Peder Andersson,,Manual,Peder Andersson
Per Back,2412.0,Exact,Per Back
Per E. Weckhorst,1423.0,Exact,Per E. Weckhorst
Per-Erik Wilsbeck,13443.0,Fuzzy,Per Erik Wilsbeck
Peter Andersson,5196.0,Exact,Peter Andersson
Peter Björkman,8264.0,Exact,Peter Björkman
Peter Enderborg,4286.0,Exact,Peter Enderborg
Peter Madsen,2595.0,Exact,Peter Madsen
Peter Mozhaev,205.0,Fuzzy,Petr Mozhaev
Peter Östlund,2920.0,Exact,Peter Östlund
Petr Mozhaev,205.0,Exact,Petr Mozhaev
Petr Tmej,886.0,Exact,Petr Tmej
Petrek Jaroslav,1259.0,Exact,Petrek Jaroslav
Petrus Miettinen,8546.0,Exact,Petrus Miettinen
Petter Bengtsson,2203.0,Exact,Petter Bengtsson
Petter Bäckebjörk,2926.0,Exact,Petter Bäckebjörk
Petteri Sevon,1294.0,Exact,Petteri Sevon
Polina Kvasnikova,11998.0,Exact,Polina Kvasnikova
Pontus Back,2420.0,Exact,Pontus Back
Pontus Chorell,4134.0,Exact,Pontus Chorell
Pontus Eriksson,2201.0,Exact,Pontus Eriksson
Pär Pettersson,,Manual,Pär Pettersson
Pål Bakken,1557.0,Fuzzy,Pal Bakken
Péter Borsányi,3065.0,Exact,Péter Borsányi
Railends Kuhalskis,8773.0,Fuzzy,Railends Kuhaļskis
Raimonds Stalmanis,14429.0,Fuzzy,Raimonds Stālmanis
Rainers KALNIŅŠ,9763.0,Exact,Rainers KALNIŅŠ
Rainers Kalniņš,9763.0,Exact,Rainers Kalniņš
Raivis Pukinskis,893.0,Exact,Raivis Pukinskis
Raivis Sternats,202.0,Fuzzy,Raivis Sternāts
Ralph Pommerenke,1622.0,Exact,Ralph Pommerenke
Regnars Vazolins,9364.0,Manual,Regnars Vazolins
Regnārs VAZOLIŅŠ,9364.0,Exact,Regnārs VAZOLIŅŠ
Reinis Stacevics,,Manual,Reinis Stacevics
Renars Masulis,15556.0,Fuzzy,Renārs Masulis
Rene Huhtala,1552.0,Exact,Rene Huhtala
Richard Pedersen,2695.0,Exact,Richard Pedersen
Richard Petersson,3538.0,Exact,Richard Petersson
Rickard Callertun,2579.0,Exact,Rickard Callertun
Rickard Forsberg,8181.0,Fuzzy,Richard Forsberg
Rickard Sjöstedt,2365.0,Exact,Rickard Sjöstedt
Rikard Nässelkvist,4532.0,Exact,Rikard Nässelkvist
Ritvars Felkers,9527.0,Exact,Ritvars Felkers
Robban Gawell,3529.0,Exact,Robban Gawell
Robert Forsberg,13991.0,Exact,Robert Forsberg
Roberts Kerns,9712.0,Exact,Roberts Kerns
Robin Larsson,3915.0,Exact,Robin Larsson
Robin Westergren,3535.0,Exact,Robin Westergren
Roger Olovsson,2220.0,Exact,Roger Olovsson
Rok Skrlep,1311.0,Exact,Rok Skrlep
Rolands RIEKSTIŅŠ,4653.0,Exact,Rolands RIEKSTIŅŠ
Rolands Riekstiņš,4653.0,Exact,Rolands Riekstiņš
Rolf Locher,1264.0,Exact,Rolf Locher
Roman Ignatenko,1452.0,Exact,Roman Ignatenko
Romans Faļkenšteins,8576.0,Exact,Romans Faļkenšteins
Ronald Kocsis,12720.0,Exact,Ronald Kocsis
Roni Nuttunen,623.0,Exact,Roni Nuttunen
Rosanna Johansson,4496.0,Exact,Rosanna Johansson
Roy Persen,3831.0,Exact,Roy Persen
Rudolfs Kamzols,14704.0,Fuzzy,Rūdolfs Kamzols
Rudolfs Valainis,3353.0,Fuzzy,Rūdolfs Valainis
Rune Pettersson,4941.0,Exact,Rune Pettersson
Ruslan Kobchuk,8732.0,Exact,Ruslan Kobchuk
Salvis Skarainis,194.0,Exact,Salvis Skarainis
Sami Hellstrom,2025.0,Exact,Sami Hellstrom
Sami Hellström,2025.0,Fuzzy,Sami Hellstrom
Sandis KALNIŅŠ,3637.0,Exact,Sandis KALNIŅŠ
Sandis Kalniņš,3637.0,Exact,Sandis Kalniņš
Sandis Krasts,9858.0,Exact,Sandis Krasts
Sandis Kristaps LAGZDIŅŠ,5276.0,Exact,Sandis Kristaps LAGZDIŅŠ
Sandis Kristaps Lagzdins,5276.0,Fuzzy,Sandis Kristaps Lagzdiņš
Sandis Kristaps Lagzdiņš,5276.0,Exact,Sandis Kristaps Lagzdiņš
Sandra Komaraite,1287.0,Exact,Sandra Komaraite
Santtu Sainio,419.0,Exact,Santtu Sainio
Sergejs Mihejevs,1677.0,Exact,Sergejs Mihejevs
Sergey Ivanov,12388.0,Exact,Sergey Ivanov
Sergey Shikerin,658.0,Exact,Sergey Shikerin
Simon Johannesson,5563.0,Exact,Simon Johannesson
Simon Jonasson,5563.0,Manual,Simon Jonasson
Simon Larsson,5325.0,Exact,Simon Larsson
Simon Thomas,5156.0,Exact,Simon Thomas
Simonas Pleikys,2017.0,Exact,Simonas Pleikys
Sinus Moberg,12867.0,Exact,Sinus Moberg
Sissela Blume,5720.0,Exact,Sissela Blume
Sissie Wikström,1316.0,Fuzzy,Sissie Wikstrom
"Sissie Wikström,",1316.0,Fuzzy,Sissie Wikstrom
Sondre Efteland Johansen,1531.0,Exact,Sondre Efteland Johansen
Staffan Olsson,2212.0,Exact,Staffan Olsson
Stanislav Lutay,1392.0,Exact,Stanislav Lutay
Stefan Edwall,3537.0,Exact,Stefan Edwall
Stefan Ivan,12719.0,Exact,Stefan Ivan
Stefan Lemming,6061.0,Exact,Stefan Lemming
Stefan Lukas,3215.0,Exact,Stefan Lukas
Sten Svensson,2413.0,Exact,Sten Svensson
Stepan Korotkiy,236.0,Exact,Stepan Korotkiy
Stian Lode,1245.0,Exact,Stian Lode
Stian Ostrem,1213.0,Exact,Stian Ostrem
Suojanen Antti,1301.0,Exact,Suojanen Antti
Susanna Pössl,4093.0,Fuzzy,Susanna Possl
Svein Arne Fure,1432.0,Exact,Svein Arne Fure
Svein Inge Omholt,5197.0,Exact,Svein Inge Omholt
Sveke Jonsson,2221.0,Exact,Sveke Jonsson
Sven Pettersson,4927.0,Exact,Sven Pettersson
Teemu Koskela,8363.0,Exact,Teemu Koskela
Teodor Wegestål,2411.0,Fuzzy,Teodor Wegestal
Teuvo Moisa,649.0,Exact,Teuvo Moisa
Thomas Björnson,3412.0,Fuzzy,Thomas Bjornson
Thomas Haussknecht,1254.0,Exact,Thomas Haussknecht
Thomas Malmberg,2371.0,Exact,Thomas Malmberg
Thomas Oscarsson,4056.0,Exact,Thomas Oscarsson
Thomas Petersson,1215.0,Exact,Thomas Petersson
Thomas Sjöberg,6545.0,Exact,Thomas Sjöberg
Thomas Wikström,4288.0,Exact,Thomas Wikström
Thony Restel,1281.0,Exact,Thony Restel
Thorbjorn F. Hestvaag,1309.0,Fuzzy,Thorbjørn F. Hestvaag
Till Dion,9053.0,Exact,Till Dion
Tim Tigges,1865.0,Exact,Tim Tigges
Tim Weisseisen,1258.0,Exact,Tim Weisseisen
Timur Rimski,9009.0,Exact,Timur Rimski
Tomas Aberg,2897.0,Exact,Tomas Aberg
Tomas Bucek,12834.0,Exact,Tomas Bucek
Tomas Fägerlind,2938.0,Exact,Tomas Fägerlind
Tomas Kahoun ml,2012.0,Fuzzy,Tomas Kahoun ml.
Tomas Kahoun ml.,2012.0,Exact,Tomas Kahoun ml.
Tomas Rybing,4638.0,Exact,Tomas Rybing
Tomas Ulis,4181.0,Exact,Tomas Ulis
Tomas Åberg,2897.0,Fuzzy,Tomas Aberg
Tomi Uimonen,10112.0,Exact,Tomi Uimonen
Tommy Nielsen,6580.0,Exact,Tommy Nielsen
Toms Jakseboga,14726.0,Exact,Toms Jakseboga
Toni Koivula,8526.0,Exact,Toni Koivula
Tony Aronsson,4064.0,Exact,Tony Aronsson
Tony Lindholm,2214.0,Exact,Tony Lindholm
Torbjorn Kverneland,2165.0,Fuzzy,Torbjørn Kverneland
Tore Lie,3828.0,Exact,Tore Lie
Tore Sorheim,3874.0,Fuzzy,Tore Sørheim
Tron Omland,3873.0,Exact,Tron Omland
Trond Ove Gangsoy,1247.0,Fuzzy,Trond Ove Gangsøy
Trond Ove Gangsøy,1247.0,Exact,Trond Ove Gangsøy
Truls Månsson,3949.0,Fuzzy,Truls Mansson
Trygve Lie,3827.0,Exact,Trygve Lie
Ulrich Hennemann,1623.0,Exact,Ulrich Hennemann
Ulrik Nilsson,2366.0,Exact,Ulrik Nilsson
Uno Österman,2070.0,Fuzzy,Uno Osterman
Urban Edmundsson,7595.0,Exact,Urban Edmundsson
Urban Kohlsgården,5138.0,Exact,Urban Kohlsgården
Urban Mezek,10496.0,Exact,Urban Mezek
Uroš Matanovic,1236.0,Fuzzy,Uros Matanovic
Uve Vikmanis,13408.0,Fuzzy,Ūve Vikmanis
Vaclav Pikl,1218.0,Exact,Vaclav Pikl
Vafa Hamdamov,690.0,Exact,Vafa Hamdamov
Valentin Dietze,1621.0,Exact,Valentin Dietze
Valeri Trofimov,200.0,Exact,Valeri Trofimov
Valeriy Samsonov,654.0,Exact,Valeriy Samsonov
Valery Kornitsky,11385.0,Exact,Valery Kornitsky
Valts SMAGARS,895.0,Exact,Valts SMAGARS
Valts Smagars,895.0,Exact,Valts Smagars
Vegard Flatøy,1433.0,Exact,Vegard Flatøy
Vegard Klippen,2164.0,Exact,Vegard Klippen
Veniamin Gerasimov,3080.0,Exact,Veniamin Gerasimov
Vera Stanzelova,15433.0,Exact,Vera Stanzelova
Veronika Sachok,4231.0,Exact,Veronika Sachok
Vesa Huotelin,625.0,Exact,Vesa Huotelin
Victor Johansson,8182.0,Exact,Victor Johansson
Viktor Levdansky,509.0,Exact,Viktor Levdansky
Viktoriya Noselivska,882.0,Exact,Viktoriya Noselivska
Ville Henttonen,5560.0,Exact,Ville Henttonen
Vitaliy Ignatenko,1158.0,Exact,Vitaliy Ignatenko
Vitaliy Sapozhnikov,482.0,Exact,Vitaliy Sapozhnikov
Vitaly Skorobogatov,149.0,Exact,Vitaly Skorobogatov
Vladimir Areshkin,2359.0,Exact,Vladimir Areshkin
Vladimir Egorov,353.0,Exact,Vladimir Egorov
Vladimir Gatara,6517.0,Exact,Vladimir Gatara
Vladislav Semenchuk,6385.0,Exact,Vladislav Semenchuk
Vladislav Zubel,693.0,Exact,Vladislav Zubel
Volodymyr Kvasnikov,10701.0,Exact,Volodymyr Kvasnikov
Václav Pikl,14668.0,Exact,Václav Pikl
Waqas Nawaz Khan,2463.0,Fuzzy,Waqas Nawas Khan
Wilhelm Pössl,4489.0,Fuzzy,Wilhelm Possl
Wilton Wallin,13858.0,Exact,Wilton Wallin
Yanis Galuzo,176.0,Exact,Yanis Galuzo
Yevgen Levdansky,511.0,Fuzzy,Yevhen Levdansky
Yevhen Levdansky,511.0,Exact,Yevhen Levdansky
Yevhen Rykun,1982.0,Exact,Yevhen Rykun
Yngve Aasheim,1217.0,Exact,Yngve Aasheim
Yurii Shapovalenko,3350.0,Exact,Yurii Shapovalenko
Yuriy Bondarenko,1777.0,Exact,Yuriy Bondarenko
Yuriy Prostakov,1376.0,Exact,Yuriy Prostakov
Zala Skrlep,10491.0,Exact,Zala Skrlep
Zala Škrlep,10491.0,Fuzzy,Zala Skrlep
Zdenek Lopaur,2044.0,Exact,Zdenek Lopaur
Zdenek Matousek ml.,2585.0,Fuzzy,Zdenek Matoušek ml.
Zdeněk Lopaur,2044.0,Fuzzy,Zdenek Lopaur
Zygimantas Remeika,11974.0,Fuzzy,Žygimantas Remeika
Øystein Klippen,2843.0,Exact,Øystein Klippen
Øyvind Hansen,1413.0,Exact,Øyvind Hansen
Øyvind Rønne,3347.0,Exact,Øyvind Rønne
